<Config>
<Packages> FastThrowing KUKARobotModel</Packages>
	<World> Examples/BasicWorld </World>
	<Robot> KUKA
		<Name> FastThrowing module </Name>
		<RobotModule> RandomThrowing
			<Options> </Options>
		</RobotModule> 
		<ControlMode>   position    </ControlMode>
		<Args> </Args>
	</Robot>
	<Simulator>
	<Aspect>
		<Camera>
			<Position>    -2.7 0.0 1.3 </Position>
			<LookAtPoint> 0.0 0.0 0.7 </LookAtPoint>
		</Camera>
		<Robot>
			<RefSize>-1</RefSize>
			<EndRefSize>-1</EndRefSize>
		</Robot>
	</Aspect>
	<Gravity> 0 0 -9.81 </Gravity>
	<Period> 0.002</Period>
	</Simulator>
</Config>


