<package>
  <description brief="FastThrowing">

     FastThrowing

  </description>
  <author>seungsu</author>
  <license>BSD</license>
  <review status="unreviewed" notes=""/>
  <url>http://ros.org/wiki/FastThrowing</url>
  <depend package="MathLib"/>
  <depend package="StdTools"/>
  <depend package="RobotLib"/>
  <depend package="RTK_pkg_tools"/>
  <depend package="roscpp"/>  
  <depend package="sensor_msgs"/>
  
  <depend package="SGaussians"/>
  <depend package="SKinematics"/>
  <depend package="VisionPkg"/>
  <!-- <depend package="rosrt"/> -->
  <!-- <depend package="BHandUtil"/> -->

</package>


